-- phpMyAdmin SQL Dump
-- version 5.2.0
-- https://www.phpmyadmin.net/
--
-- Host: 127.0.0.1
-- Generation Time: Aug 01, 2023 at 05:50 AM
-- Server version: 10.4.25-MariaDB
-- PHP Version: 7.4.30

SET SQL_MODE = "NO_AUTO_VALUE_ON_ZERO";
START TRANSACTION;
SET time_zone = "+00:00";


/*!40101 SET @OLD_CHARACTER_SET_CLIENT=@@CHARACTER_SET_CLIENT */;
/*!40101 SET @OLD_CHARACTER_SET_RESULTS=@@CHARACTER_SET_RESULTS */;
/*!40101 SET @OLD_COLLATION_CONNECTION=@@COLLATION_CONNECTION */;
/*!40101 SET NAMES utf8mb4 */;

--
-- Database: `db_snaprepair`
--

-- --------------------------------------------------------

--
-- Table structure for table `tbl_assets`
--

CREATE TABLE `tbl_assets` (
  `ID` int(11) NOT NULL,
  `ASSET` varchar(100) NOT NULL,
  `CATEGORY` varchar(50) NOT NULL,
  `STATUS` varchar(10) NOT NULL
) ENGINE=InnoDB DEFAULT CHARSET=utf8mb4;

--
-- Dumping data for table `tbl_assets`
--

INSERT INTO `tbl_assets` (`ID`, `ASSET`, `CATEGORY`, `STATUS`) VALUES
(22121, 'Audio and Media', 'External Devices', 'Active'),
(22122, 'Laptop', 'External Devices', 'Active'),
(22123, 'Table', 'Furniture', 'Active'),
(22124, 'Television Stand', 'Furniture', 'Active'),
(22125, 'Projector', 'External Devices', 'Active'),
(22126, 'Electrical Tools and Equipment', 'Internal Devices', 'Active'),
(23031, 'Hard Drive', 'Internal Devices', 'Active'),
(23032, 'Cabinet', 'Furniture', 'Active'),
(23033, 'Printer', 'Internal Devices', 'Active'),
(23034, 'SUV', 'Vehicle', 'Active'),
(23035, 'Powerbank', 'Internal Devices', 'Active'),
(23036, 'Refrigerator', 'External Devices', 'Active'),
(23037, 'Tablet Computer', 'External Devices', 'Active'),
(23051, 'Panasonic', 'External Devices', 'Active'),
(23052, 'XUV', 'Vehicle', 'Active'),
(23053, 'Electric Fan', 'External Devices', 'Active'),
(23054, 'Presenter', 'External Devices', 'Active'),
(23055, 'Chair', 'Furniture', 'Active'),
(23056, 'LED panel', 'Internal Devices', 'Active'),
(23057, 'Monitor', 'Internal Devices', 'Active'),
(23058, 'Television', 'External Devices', 'Active'),
(23059, 'Typewriter', 'External Devices', 'Active'),
(23061, 'Camera', 'External Devices', 'Active'),
(23062, 'Desktop Computer', 'External Devices', 'Active'),
(23063, 'Mini PC Kit', 'Internal Devices', 'Active'),
(23064, 'Video Light', 'External Devices', 'Active'),
(23065, 'Scanner', 'External Devices', 'Active'),
(23071, 'Webcam', 'Internal Devices', 'Active'),
(23072, 'Headset', 'Internal Devices', 'Active'),
(23073, 'UPS', 'External Devices', 'Active'),
(23074, 'Converter', 'External Devices', 'Active'),
(23075, 'Voice Recorder', 'Internal Devices', 'Active'),
(23076, 'Binding Machine', 'External Devices', 'Active'),
(23077, 'MPV', 'External Devices', 'Active'),
(23078, 'QR Code Scanner', 'Internal Devices', 'Active'),
(23079, 'Oven Toaster', 'External Devices', 'Active'),
(23081, 'Closed Van', 'Vehicle', 'Active'),
(230510, 'Waste Basket', 'External Devices', 'Active'),
(230511, 'Flash Drive', 'Internal Devices', 'Active'),
(230512, 'two way radio', 'External Devices', 'Active'),
(230513, 'Analog Mixers', 'External Devices', 'Active'),
(230514, 'Telephone', 'External Devices', 'Active'),
(230515, 'Microwave Oven', 'External Devices', 'Active'),
(230710, 'Coffee Maker', 'External Devices', 'Active'),
(230711, 'Graphics Card', 'Internal Devices', 'Active'),
(230712, 'Portable Desk Fan', 'External Devices', 'Active');

-- --------------------------------------------------------

--
-- Table structure for table `tbl_components`
--

CREATE TABLE `tbl_components` (
  `ID` int(11) NOT NULL,
  `ASSET_ID` varchar(50) NOT NULL,
  `COMPONENT` varchar(100) NOT NULL
) ENGINE=InnoDB DEFAULT CHARSET=utf8mb4;

--
-- Dumping data for table `tbl_components`
--

INSERT INTO `tbl_components` (`ID`, `ASSET_ID`, `COMPONENT`) VALUES
(479, '22126', 'Handle'),
(480, '22126', 'Motor'),
(481, '22126', 'Power cord'),
(482, '22126', 'Switch button'),
(483, '22126', 'Polishing pad'),
(484, '22121', 'Key 3'),
(485, '22121', 'LCD screen'),
(486, '22121', 'USB port'),
(487, '22121', 'Control buttons'),
(488, '22121', 'Key 8'),
(489, '22122', 'Keyboard'),
(490, '22122', 'Screen'),
(491, '22122', 'CPU fan'),
(492, '22122', 'Operating system'),
(493, '22122', 'Battery'),
(494, '22123', 'Wood table top'),
(495, '22123', 'Steel frame'),
(496, '22124', 'Base'),
(497, '22124', 'Support arms'),
(498, '22124', 'TV mount'),
(499, '22125', 'Power supply unit'),
(500, '22125', 'Projection lens'),
(501, '22125', 'Cooling fan'),
(502, '22125', 'HDMI port'),
(503, '22125', 'Casing'),
(504, '22123', 'Table surface'),
(505, '22123', 'Table legs'),
(506, '22123', 'Table corner'),
(507, '22126', 'Cutting blade'),
(508, '22126', 'Galvanized coating'),
(509, '22123', 'Tabletop'),
(510, '23031', 'Casing'),
(511, '23031', 'Data storage'),
(512, '23031', 'USB port'),
(513, '23032', 'Cabinet surface'),
(514, '23032', 'Frame'),
(515, '23032', 'Drawer tracks'),
(516, '23032', 'Lock mechanism'),
(517, '23032', 'Exterior paint'),
(518, '23032', 'Bottom panel'),
(519, '23031', 'External casing'),
(520, '22126', 'Circular blade'),
(521, '22126', 'Cooling system'),
(522, '23033', 'Paper feed mechanism'),
(523, '23033', 'Print head'),
(524, '23033', 'Network interface'),
(525, '23033', 'Power unit'),
(526, '23034', 'Front bumper'),
(527, '23034', 'Engine components'),
(528, '23034', 'Windshield'),
(529, '23034', 'Brake system'),
(530, '23034', 'Vehicle body'),
(531, '23035', 'Charging circuit'),
(532, '23035', 'Battery cells'),
(533, '23035', 'USB charging port'),
(534, '23032', 'Drawer'),
(535, '23031', 'Data corruption'),
(536, '23031', 'Physical impact'),
(537, '23031', 'Connectivity issue'),
(538, '22126', 'Power supply unit'),
(539, '22126', 'Internal wiring'),
(540, '22126', 'Electrical components'),
(541, '22126', 'Grinding wheel'),
(542, '23036', 'Cooling system'),
(543, '23036', 'Door gasket'),
(544, '23036', 'Compressor'),
(545, '22125', 'Projector lamp'),
(546, '22125', 'Lens'),
(547, '23037', 'Display screen'),
(548, '23037', 'Battery'),
(549, '23037', 'Wi-Fi module'),
(550, '23051', 'Paper feed mechanism'),
(551, '23051', 'Scanner head'),
(552, '23051', 'Network interface'),
(553, '22122', 'Display screen'),
(554, '22122', 'Speakers'),
(555, '22122', 'USB port'),
(556, '22122', 'Cooling system'),
(557, '23052', 'Front bumper'),
(558, '23052', 'Radiator'),
(559, '23052', 'Vehicle body'),
(560, '23052', 'Wiring harness'),
(561, '23053', '0,l'),
(562, '23053', 'Fan blades'),
(563, '23053', 'Internal components'),
(564, '23053', 'Oscillation mechanism'),
(565, '23054', 'Button'),
(566, '23054', 'Power cord'),
(567, '23053', 'Fan motor'),
(568, '23055', 'Armrest'),
(569, '23055', 'Tilt mechanism'),
(570, '23032', 'Drawer alignment issue'),
(571, '23032', 'Lock mechanism malfunction'),
(572, '23056', 'Internal power supply unit'),
(573, '23056', 'LED bulbs'),
(574, '23057', 'Display panel'),
(575, '23057', 'Power button'),
(576, '23057', 'Display components'),
(577, '23032', 'Drawers'),
(578, '23032', 'Cabinet handle'),
(579, '23031', 'Data storage components'),
(580, '23033', 'Rollers'),
(581, '23033', 'Power supply unit'),
(582, '23058', 'LCD panel'),
(583, '23058', 'Speaker system'),
(584, '23059', 'Typewriter keys'),
(585, '23059', 'Ribbon cartridge'),
(586, '23059', 'Typing mechanism'),
(587, '22122', 'Laptop battery'),
(588, '22122', 'Hard drive'),
(589, '230510', 'Wastebasket base'),
(590, '230510', 'Mesh exterior'),
(591, '230511', 'USB connector'),
(592, '230511', 'Data storage components'),
(593, '230512', 'Internal components'),
(594, '230512', 'Radio antenna'),
(595, '230513', 'Audio channels'),
(596, '230513', 'Internal power supply'),
(597, '230513', 'Control knobs'),
(598, '230514', 'LCD display'),
(599, '230514', 'Keypad buttons'),
(600, '230514', 'Speaker and microphone'),
(601, '23057', 'Power button mechanism'),
(602, '230515', 'Microwave door latch'),
(603, '230515', 'Control panel components'),
(604, '23061', 'Camera lens'),
(605, '23061', 'USB port'),
(606, '23061', 'Auto-focus mechanism'),
(607, '23062', 'Hard drive'),
(608, '23062', 'Motherboard components'),
(609, '23062', 'Cooling system'),
(610, '23062', 'Graphics card'),
(611, '23062', 'Power supply unit'),
(612, '23037', 'iPad display'),
(613, '23063', 'Cooling fan'),
(614, '23063', 'Memory module (RAM)'),
(615, '22122', 'Laptop display'),
(616, '23061', 'Shutter mechanism'),
(617, '230515', 'Turntable motor'),
(618, '230515', 'Light bulb'),
(619, '23055', 'Base'),
(620, '23055', 'Seat Cushion'),
(621, '23055', 'Backrest'),
(622, '23064', 'Cooling system'),
(623, '23064', 'Power switch mechanism'),
(624, '23033', 'Paper feed rollers'),
(625, '23033', 'Printer ink cartridge'),
(626, '23033', 'Printer port'),
(627, '22123', 'Scratches on the wood surface'),
(628, '22123', 'Bent steel frame'),
(629, '23032', 'Drawer handle'),
(630, '23032', 'Cabinet door'),
(631, '23061', 'Microphone components'),
(632, '23061', 'Control buttons'),
(633, '23036', 'Refrigerator cooling system'),
(634, '23036', 'Freezer unit'),
(635, '23036', 'Water dispenser mechanism'),
(636, '23036', 'Ice maker components'),
(637, '23065', 'Paper jam Scanner calibration issue'),
(638, '23065', 'Scanner calibration issue'),
(639, '23062', 'CPU cooling fan'),
(640, '23061', 'Camera microphone components'),
(641, '23061', 'Camera connectivity ports'),
(642, '23052', 'Engine components'),
(643, '23052', 'Brake system components'),
(644, '23052', 'Air conditioning system'),
(645, '23071', 'Webcam lens or sensor'),
(646, '23071', 'Webcam cable or connector'),
(647, '23072', 'Headset Cable'),
(648, '23072', 'Microphone'),
(649, '23072', 'Ear Cushions'),
(650, '23072', 'Speakers'),
(651, '23072', 'USB Connector'),
(652, '23073', 'Battery'),
(653, '23073', 'Cooling Fan'),
(654, '23073', 'USB/Serial Port'),
(655, '23031', 'Storage Disk'),
(656, '23031', 'Internal Components'),
(657, '23065', 'Power button'),
(658, '23065', 'Scanning Module'),
(659, '23065', 'Scanner Glass'),
(660, '23074', 'HDMI input port'),
(661, '23074', 'Control Knobs'),
(662, '23074', 'Power Connector'),
(663, '23033', 'Paper feeding mechanism'),
(664, '23033', 'Ink cartridge sensor'),
(665, '22123', 'Legs'),
(666, '22123', 'Table edges'),
(667, '23075', 'Control buttons'),
(668, '23075', 'Outer casing'),
(669, '23075', 'LCD screen'),
(670, '23076', 'Paper Guide Tray'),
(671, '23076', 'Comb Binding Lever'),
(672, '23076', 'Power Switch'),
(673, '23076', 'Comb Selector Knob'),
(674, '22122', 'CPU cooling fan'),
(675, '23062', 'Power Supply Unit (PSU)'),
(676, '23062', 'Motherboard'),
(677, '23062', 'CPU Fan'),
(678, '23065', 'Internal Circuitry'),
(679, '23073', 'Internal Circuit Board'),
(680, '23073', 'Battery Pack'),
(681, '23077', 'Front Bumper'),
(682, '23077', 'Piston Assembly'),
(683, '23077', 'Left Rear Door'),
(684, '230511', 'Whole Flash drive'),
(685, '23053', 'Internal motor components'),
(686, '23053', 'Power cord'),
(687, '23078', 'Scanner Window'),
(688, '23078', 'Trigger Button'),
(689, '23073', 'Power Input Socket'),
(690, '23073', 'Circuit Board'),
(691, '23073', 'Battery Unit'),
(692, '23073', 'Display Panel'),
(693, '23079', 'Door Latch'),
(694, '23079', 'Thermostat'),
(695, '23079', 'Timer Knob'),
(696, '230710', 'Power Adapter'),
(697, '230710', 'Glass carafe'),
(698, '230710', 'Seals'),
(699, '23075', 'SpeakerSpeaker'),
(700, '23075', 'Speaker'),
(701, '23065', 'Rollers'),
(702, '23065', 'Power Adapter'),
(703, '23065', 'Scanner Driver'),
(704, '23065', 'Scanner Lid'),
(705, '22122', 'CPU'),
(706, '22122', 'keybaord'),
(707, '23076', 'Comb binding handle'),
(708, '23076', 'Plastic comb tray'),
(709, '23076', 'Punching pins'),
(710, '23076', 'Handle grip'),
(711, '23037', 'Screen'),
(712, '23037', 'Speaker'),
(713, '23037', 'Charging Port'),
(714, '23061', 'Lens'),
(715, '23061', 'Power Button'),
(716, '22122', 'Motherboard'),
(717, '23062', 'Hard Disk Drive'),
(718, '23033', 'Rollers '),
(719, '23033', 'Power Supply Unit '),
(720, '23062', 'Screen'),
(721, '23062', 'Keyboard'),
(722, '23062', 'Power supply'),
(723, '230712', 'Fan blade'),
(724, '230712', 'Motor'),
(725, '22122', 'Motherboard');

-- --------------------------------------------------------

--
-- Table structure for table `tbl_damagereports`
--

CREATE TABLE `tbl_damagereports` (
  `ID` int(11) NOT NULL,
  `ASSET_ID` int(11) NOT NULL,
  `DAMAGE_DATE` date NOT NULL,
  `DAMAGE_TYPE` varchar(200) NOT NULL,
  `PARTS` varchar(100) NOT NULL,
  `REPAIR_COST` double NOT NULL,
  `ASSET_SPAN` varchar(11) DEFAULT NULL
) ENGINE=InnoDB DEFAULT CHARSET=utf8mb4;

--
-- Dumping data for table `tbl_damagereports`
--

INSERT INTO `tbl_damagereports` (`ID`, `ASSET_ID`, `DAMAGE_DATE`, `DAMAGE_TYPE`, `PARTS`, `REPAIR_COST`, `ASSET_SPAN`) VALUES
(358, 241, '2012-03-15', 'Impact', 'Handle', 3750, '765'),
(359, 241, '2014-09-22', 'Water damage', 'Motor', 6000, '921'),
(360, 241, '2016-07-05', 'Overheating', 'Power cord', 2500, '652'),
(361, 241, '2019-11-30', 'Malfunction ', 'Switch button', 4500, '1239'),
(362, 241, '2022-02-18', 'Wear and tear', 'Polishing pad', 1500, '810'),
(363, 242, '2012-06-10', 'Liquid spill', 'Key 3', 2000, '447'),
(364, 242, '2015-09-28', 'Electrical surge', 'LCD screen', 3500, '1194'),
(365, 242, '2017-11-15', 'Physical damage', 'USB port', 1800, '779'),
(366, 242, '2020-04-02', 'Firmware failure', 'Control buttons', 2800, '868'),
(367, 242, '2023-01-12', 'Wear and tear', 'Key 8', 1000, '1009'),
(368, 243, '2012-07-20', 'Liquid spill', 'Keyboard', 2500, '557'),
(369, 243, '2016-11-05', 'Physical impact', 'Screen', 3800, '1597'),
(370, 243, '2020-09-12', 'Overheating', 'CPU fan', 1200, '1404'),
(371, 244, '2019-04-20', 'Software failure', 'Operating system', 1200, '2685'),
(372, 244, '2022-03-08', 'Wear and tear', 'Battery', 1800, '1059'),
(373, 245, '2016-09-28', 'Scratches', 'Wood table top', 800, '1872'),
(374, 245, '2019-11-15', 'Water damage', 'Steel frame', 1500, '1149'),
(375, 246, '2013-05-12', 'Water damage', 'Wood table top', 1500, '225'),
(376, 246, '2019-11-15', 'Structural damage', 'Steel frame', 2200, '2373'),
(377, 247, '2013-08-20', 'Cracks', 'Base', 1000, '854'),
(378, 247, '2015-11-12', 'Stability issues', 'Support arms', 1800, '810'),
(379, 247, '2022-04-18', 'Scratches', 'TV mount', 500, '2366'),
(380, 248, '2013-07-10', 'Power failure', 'Power supply unit', 2000, '513'),
(381, 248, '2014-11-28', 'Lens issue', 'Projection lens', 1500, '503'),
(382, 248, '2016-09-15', 'Overheating', 'Cooling fan', 1800, '657'),
(383, 248, '2018-05-20', 'Connectivity problem', 'HDMI port', 1000, '615'),
(384, 248, '2022-02-08', 'Physical damage', 'Casing', 2300, '1354'),
(385, 249, '2013-06-22', 'Liquid spill', 'Keyboard', 1800, '365'),
(386, 249, '2015-09-14', 'Physical impact', 'Screen', 2500, '816'),
(387, 249, '2017-11-30', 'Software crash', 'Operating system', 1200, '807'),
(388, 249, '2021-04-05', 'Overheating', 'CPU fan', 1600, '1219'),
(389, 250, '2014-07-25', 'Scratches', 'Table surface', 300, '651'),
(390, 250, '2017-03-10', 'Stability issue', 'Table legs', 500, '966'),
(391, 250, '2020-11-05', 'Chipped corner', 'Table corner', 400, '1344'),
(392, 251, '2014-09-20', 'Blade malfunction', 'Cutting blade', 800, '489'),
(393, 251, '2016-12-08', 'Handle breakage', 'Handle', 1500, '810'),
(394, 251, '2019-03-15', 'Rust and corrosion', 'Galvanized coating', 1200, '827'),
(395, 252, '2017-11-25', 'Structural damage', 'Tabletop', 700, '1095'),
(396, 252, '2020-02-18', 'Water damage', 'Table legs', 1800, '813'),
(397, 253, '2015-06-20', 'Physical impact', 'Casing', 800, '427'),
(398, 253, '2017-10-12', 'File corruption', 'Data storage', 1200, '846'),
(399, 253, '2019-12-05', 'Connectivity issue', 'USB port', 1000, '785'),
(400, 254, '2015-08-10', 'Scratches', 'Cabinet surface', 700, '419'),
(401, 254, '2016-11-25', 'Structural damage', 'Frame', 1800, '472'),
(402, 254, '2017-06-15', 'Jammed drawers', 'Drawer tracks', 1200, '202'),
(403, 254, '2018-09-05', 'Lock malfunction', 'Lock mechanism', 900, '448'),
(404, 254, '2019-12-20', 'Paint chipping', 'Exterior paint', 600, '472'),
(405, 255, '2018-03-12', 'Drawer misalignment', 'Drawer tracks', 1200, '812'),
(406, 255, '2020-06-28', 'Water damage', 'Bottom panel', 1800, '839'),
(407, 256, '2016-09-10', 'Physical impact', 'External casing', 800, '336'),
(408, 256, '2018-12-05', 'Data corruption', 'Data storage', 1500, '825'),
(409, 256, '2021-02-20', 'Connectivity issue', 'USB port', 1200, '808'),
(410, 257, '2016-08-15', 'Motor failure', 'Motor', 1000, '483'),
(411, 257, '2018-11-28', 'Blade breakage', 'Circular blade', 2500, '828'),
(412, 257, '2020-05-10', 'Overheating', 'Cooling system', 1800, '529'),
(413, 257, '2023-01-20', 'Electrical issue', 'Power cord', 1200, '984'),
(414, 258, '2016-07-10', 'Paper jam', 'Paper feed mechanism', 700, '542'),
(415, 258, '2017-11-25', 'Print quality issues', 'Print head', 1500, '594'),
(416, 258, '2019-03-15', 'Connectivity problem', 'Network interface', 1200, '476'),
(417, 258, '2021-08-05', 'Power supply failure', 'Power unit', 2000, '869'),
(418, 259, '2016-05-20', 'Minor fender bender', 'Front bumper', 5000, '478'),
(419, 259, '2017-09-12', 'Engine trouble', 'Engine components', 10000, '480'),
(420, 259, '2018-11-05', 'Windshield crack', 'Windshield', 2500, '419'),
(421, 259, '2019-07-28', 'Brake issues', 'Brake system', 7500, '265'),
(422, 259, '2021-02-10', 'Body dent', 'Vehicle body', 3000, '561'),
(423, 260, '2017-06-20', 'Charging issue', 'Charging circuit', 400, '665'),
(424, 260, '2020-02-15', 'Overheating problem', 'Battery cells', 600, '972'),
(425, 260, '2023-01-10', 'USB port malfunction', 'USB charging port', 800, '1059'),
(426, 261, '2017-08-15', 'Scratches', 'Cabinet surface', 700, '528'),
(427, 261, '2018-12-05', 'Structural damage', 'Frame', 1500, '477'),
(428, 261, '2020-05-10', 'Water damage', 'Drawer', 1200, '522'),
(429, 262, '2017-09-20', 'Physical impact', 'External casing', 800, '437'),
(430, 262, '2018-11-12', 'Data corruption', 'Data storage', 1500, '418'),
(431, 262, '2020-04-15', 'Connectivity issue', 'USB port', 1200, '520'),
(432, 263, '2017-10-10', 'Data corruption', 'Data corruption', 1200, '486'),
(433, 263, '2019-02-28', 'Physical impact', 'Physical impact', 2000, '506'),
(434, 263, '2021-06-05', 'Connectivity issue', 'Connectivity issue', 1800, '828'),
(435, 264, '2017-08-15', 'Overheating', 'Cooling system', 1200, '470'),
(436, 264, '2020-06-25', 'Power failure', 'Power supply unit', 1800, '1044'),
(437, 264, '2022-02-10', 'Wiring issue', 'Internal wiring', 1500, '594'),
(438, 265, '2017-09-20', 'Motor failure', 'Motor', 1500, '578'),
(439, 265, '2019-05-12', 'Electrical short circuit', 'Electrical components', 2200, '599'),
(440, 265, '2021-11-05', 'Blade breakage', 'Grinding wheel', 2200, '903'),
(441, 266, '2017-08-10', 'Scratches', 'Cabinet surface', 700, '365'),
(442, 266, '2019-03-28', 'Structural damage', 'Frame', 1500, '595'),
(443, 267, '2017-05-22', 'Cooling issues', 'Cooling system', 1000, '795'),
(444, 267, '2019-10-15', 'Door seal damage', 'Door gasket', 800, '876'),
(445, 267, '2022-03-08', 'Compressor failure', 'Compressor', 2500, '874'),
(446, 268, '2017-08-10', 'Lamp replacement', 'Projector lamp', 1500, '478'),
(447, 268, '2019-01-28', 'Connectivity issue', 'HDMI port', 800, '537'),
(448, 268, '2020-06-15', 'Image distortion', 'Lens', 1200, '504'),
(449, 269, '2021-12-05', 'Screen crack', 'Display screen', 2000, '854'),
(450, 269, '2022-08-20', 'Battery drain issue', 'Battery', 1500, '258'),
(451, 270, '2017-09-20', 'Screen crack', 'Display screen', 2000, '266'),
(452, 270, '2018-11-12', 'Battery drain issue', 'Battery', 1500, '418'),
(453, 270, '2020-04-05', 'Connectivity problem', 'Wi-Fi module', 1800, '510'),
(454, 271, '2017-08-15', 'Paper jam', 'Paper feed mechanism', 800, '548'),
(455, 271, '2019-03-28', 'Scanner head malfunction', 'Scanner head', 1500, '955'),
(456, 271, '2022-01-10', 'Connectivity issue', 'Network interface', 1200, '1008'),
(457, 272, '2017-07-10', 'Screen flickering', 'Display screen', 1800, '420'),
(458, 272, '2019-01-18', 'Battery drain issue', 'Battery', 1500, '558'),
(459, 272, '2020-06-25', 'Speaker malfunction', 'Speakers', 1200, '524'),
(460, 272, '2021-11-08', 'USB port failure', 'USB port', 700, '501'),
(461, 273, '2017-05-20', 'Screen crack', 'Display screen', 2000, '421'),
(462, 273, '2018-09-12', 'Keyboard malfunction', 'Keyboard', 1500, '480'),
(463, 273, '2019-04-05', 'Overheating', 'Cooling system', 1800, '205'),
(464, 274, '2017-06-10', 'Minor collision', 'Front bumper', 5000, '425'),
(465, 274, '2018-09-28', 'Engine overheating', 'Radiator', 8500, '474'),
(466, 274, '2019-11-15', 'Scratch and dent', 'Vehicle body', 3000, '413'),
(467, 274, '2021-03-20', 'Electrical issue', 'Wiring harness', 2000, '491'),
(468, 275, '2017-07-15', 'Motor failure', '0,l', 800, '301'),
(469, 275, '2018-12-28', 'Blade damage', 'Fan blades', 600, '531'),
(470, 275, '2020-05-10', 'Overheating', 'Internal components', 1200, '499'),
(471, 275, '2022-02-20', 'Oscillation issue', 'Oscillation mechanism', 500, '651'),
(472, 276, '2018-08-20', 'Button malfunction', 'Button', 700, '434'),
(473, 276, '2020-03-12', 'Connectivity issue', 'Power cord', 500, '569'),
(474, 277, '2018-05-10', 'Data corruption', 'Data storage', 1500, '456'),
(475, 277, '2020-01-25', 'Physical impact', 'External casing', 2000, '625'),
(476, 277, '2022-09-15', 'Connectivity issue', 'USB port', 1800, '966'),
(477, 278, '2018-07-10', 'Motor failure', 'Fan motor', 800, '365'),
(478, 278, '2019-12-05', 'Blade damage', 'Fan blades', 600, '513'),
(479, 278, '2021-04-20', 'Overheating', 'Internal components', 1200, '502'),
(480, 278, '2023-03-15', 'Oscillation issue', 'Oscillation mechanism', 500, '694'),
(481, 279, '2018-09-20', 'Broken armrest', 'Armrest', 800, '238'),
(482, 279, '2020-05-12', 'Tilt mechanism issue', 'Tilt mechanism', 1200, '599'),
(483, 280, '2018-11-10', 'Drawer alignment issue', 'Drawer alignment issue', 1000, '267'),
(484, 280, '2021-06-25', 'Lock mechanism malfunction', 'Lock mechanism malfunction', 1500, '961'),
(485, 281, '2018-10-15', 'Power supply failure', 'Internal power supply unit', 1800, '426'),
(486, 281, '2022-04-28', 'LED bulb malfunction', 'LED bulbs', 2500, '1300'),
(487, 282, '2018-06-10', 'Dead pixels', 'Display panel', 800, '517'),
(488, 282, '2020-02-25', 'Power button issue', 'Power button', 1200, '625'),
(489, 282, '2022-09-15', 'Display flickering', 'Display components', 1500, '938'),
(490, 283, '2018-11-20', 'Drawer misalignment', 'Drawers', 1000, '582'),
(491, 283, '2022-06-05', 'Handle damage', 'Cabinet handle', 800, '1301'),
(492, 284, '2018-12-10', 'Data corruption', 'Data storage components', 1500, '434'),
(493, 284, '2021-09-25', 'Physical damage', 'External casing', 2000, '1011'),
(494, 285, '2018-07-20', 'Paper jam', 'Rollers', 800, '247'),
(495, 285, '2019-11-12', 'Print head malfunction', 'Print head', 1200, '480'),
(496, 285, '2021-05-05', 'Connectivity issue', 'Network interface', 1000, '540'),
(497, 285, '2023-02-28', 'Power supply failure', 'Power supply unit', 1500, '663'),
(498, 286, '2018-09-15', 'Display screen malfunction', 'LCD panel', 2000, '577'),
(499, 286, '2020-04-25', 'Audio distortion', 'Speaker system', 1500, '588'),
(500, 287, '2018-05-10', 'Key jamming', 'Typewriter keys', 500, '729'),
(501, 287, '2020-01-25', 'Ribbon cartridge issue', 'Ribbon cartridge', 700, '626'),
(502, 287, '2022-09-15', 'Typing misalignment', 'Typing mechanism', 800, '962'),
(503, 288, '2018-10-20', 'Screen crack', 'Display screen', 2000, '332'),
(504, 288, '2022-03-15', 'Keyboard malfunction', 'Keyboard', 1500, '1249'),
(505, 289, '2019-07-12', 'Battery failure', 'Laptop battery', 1800, '790'),
(506, 289, '2023-02-05', 'Hard drive crash', 'Hard drive', 2500, '1300'),
(507, 290, '2018-09-20', 'Battery swelling', 'Laptop battery', 2000, '614'),
(508, 290, '2022-05-10', 'Keyboard malfunction', 'Keyboard', 1500, '1331'),
(509, 291, '2018-12-15', 'Bottom base crack', 'Wastebasket base', 300, '516'),
(510, 291, '2022-08-05', 'Mesh tearing', 'Mesh exterior', 250, '1325'),
(511, 292, '2019-11-20', 'USB connector damage', 'USB connector', 400, '569'),
(512, 292, '2023-05-12', 'Data corruption', 'Data storage components', 600, '1337'),
(513, 293, '2019-10-15', 'Broken armrest', 'Armrest', 800, '494'),
(514, 293, '2022-06-25', 'Tilt mechanism issue', 'Tilt mechanism', 1200, '987'),
(515, 294, '2019-08-10', 'Motor failure', 'Fan motor', 700, '466'),
(516, 294, '2021-03-25', 'Blade damage', 'Fan blades', 600, '593'),
(517, 294, '2023-01-12', 'Overheating issue', 'Internal components', 800, '659'),
(518, 295, '2019-12-20', 'Water damage', 'Internal components', 1000, '408'),
(519, 295, '2023-02-05', 'Antenna malfunction', 'Radio antenna', 800, '1148'),
(520, 296, '2019-06-15', 'Channel distortion', 'Audio channels', 800, '454'),
(521, 296, '2019-12-28', 'Power supply failure', 'Internal power supply', 1200, '197'),
(522, 296, '2022-02-10', 'Knob damage', 'Control knobs', 500, '775'),
(523, 297, '2019-05-10', 'Display screen malfunction', 'LCD display', 500, '257'),
(524, 297, '2019-12-15', 'Keypad failure', 'Keypad buttons', 700, '219'),
(525, 297, '2022-02-25', 'Audio distortion', 'Speaker and microphone', 800, '799'),
(526, 298, '2019-11-10', 'Display flickering', 'Display components', 1200, '413'),
(527, 298, '2023-06-25', 'Power button issue', 'Power button mechanism', 800, '1318'),
(528, 299, '2019-08-20', 'Door latch issue', 'Microwave door latch', 800, '467'),
(529, 299, '2022-03-12', 'Control panel malfunction', 'Control panel components', 1000, '937'),
(530, 300, '2019-10-15', 'Lens distortion', 'Camera lens', 800, '471'),
(531, 300, '2021-05-20', 'USB connection issue', 'USB port', 1200, '583'),
(532, 300, '2023-02-28', 'Auto-focus problem', 'Auto-focus mechanism', 1000, '648'),
(533, 301, '2019-04-12', 'Physical Impact', 'Hard drive', 1500, '151'),
(534, 301, '2019-07-20', 'Water spill', 'Motherboard components', 2000, '99'),
(535, 301, '2021-10-05', 'Fan Malfunction', 'Cooling system', 800, '807'),
(536, 301, '2022-03-15', 'Power surge', 'Graphics card', 1200, '161'),
(537, 301, '2023-01-28', 'Overheating', 'Power supply unit', 1000, '319'),
(538, 302, '2019-11-10', 'Screen crack', 'iPad display', 2000, '403'),
(539, 302, '2023-06-25', 'Battery draining quickly', 'Battery', 1500, '1318'),
(540, 303, '2019-08-20', 'Fan failure', 'Cooling fan', 800, '577'),
(541, 303, '2022-03-12', 'RAM malfunction', 'Memory module (RAM)', 1000, '937'),
(542, 304, '2019-04-12', 'Hard drive failure', 'Hard drive', 1500, '408'),
(543, 304, '2022-07-20', 'Graphics card malfunction', 'Graphics card', 1200, '1180'),
(544, 305, '2019-05-15', 'Screen crack', 'Laptop display', 2000, '269'),
(545, 305, '2020-11-28', 'Keyboard malfunction', 'Keyboard', 1500, '563'),
(546, 305, '2022-09-10', 'Battery failure', 'Laptop battery', 1800, '652'),
(547, 305, '2022-12-23', 'Keyboard malfunction', 'Keyboard', 1500, '104'),
(548, 306, '2019-11-10', 'Lens damage', 'Camera lens', 2000, '599'),
(549, 306, '2023-06-25', 'Shutter failure', 'Shutter mechanism', 1500, '1329'),
(550, 307, '2019-07-20', 'Motor failure', 'Fan motor', 800, '563'),
(551, 307, '2023-03-12', 'Oscillation malfunction', 'Oscillation mechanism', 1200, '1333'),
(552, 308, '2020-02-15', 'Door latch issue', 'Microwave door latch', 800, '213'),
(553, 308, '2021-09-28', 'Turntable motor failure', 'Turntable motor', 1500, '592'),
(554, 308, '2022-11-10', 'Control panel malfunction', 'Control panel components', 1200, '408'),
(555, 308, '2022-11-25', 'Interior light not working', 'Light bulb', 500, '15'),
(556, 309, '2020-03-15', 'Scratches', 'Armrest', 200, '395'),
(557, 309, '2020-08-10', 'Broken Wheel', 'Base', 350, '148'),
(558, 309, '2021-02-22', 'Ripped Fabric', 'Seat Cushion', 150, '561'),
(559, 309, '2022-01-05', 'Cracked Frame', 'Backrest', 500, '317'),
(560, 309, '2022-07-30', 'Stained Upholstery', 'Seat Cushion', 100, '206'),
(561, 310, '2020-08-21', 'Scratches', 'Armrest', 200, '585'),
(562, 310, '2020-10-15', 'Ripped Fabric', 'Base', 350, '55'),
(563, 310, '2021-07-12', 'Squeaky Mechanism', 'Seat Cushion', 150, '270'),
(564, 310, '2022-09-26', 'Loose Armrest', 'Backrest', 500, '441'),
(565, 310, '2022-12-30', 'Stained Upholstery', 'Seat Cushion', 250, '95'),
(566, 311, '2020-08-15', 'Overheating issue', 'Cooling system', 800, '390'),
(567, 311, '2022-05-28', 'Power switch problem', 'Power switch mechanism', 1200, '652'),
(568, 312, '2020-04-10', 'Paper jam', 'Paper feed rollers', 500, '151'),
(569, 312, '2021-09-28', 'Ink cartridge malfunction', 'Printer ink cartridge', 800, '537'),
(570, 312, '2021-11-15', 'Connectivity problem', 'Printer port', 1200, '48'),
(571, 313, '2020-11-10', 'Scratches on the wood surface', 'Scratches on the wood surface', 500, '405'),
(572, 313, '2023-01-15', 'Bent steel frame', 'Bent steel frame', 1000, '797'),
(573, 314, '2020-09-20', 'Broken drawer handle', 'Drawer handle', 300, '488'),
(574, 314, '2022-05-12', 'Warped cabinet door', 'Cabinet door', 500, '599'),
(575, 315, '2020-03-15', 'Microphone not working', 'Microphone components', 500, '412'),
(576, 315, '2021-08-28', 'Connectivity problem', 'USB port', 800, '532'),
(577, 315, '2021-12-05', 'Unresponsive buttons', 'Control buttons', 600, '99'),
(578, 316, '2020-02-10', 'Cooling issue', 'Refrigerator cooling system', 1200, '233'),
(579, 316, '2021-05-28', 'Door seal problem', 'Door gasket', 800, '472'),
(580, 316, '2022-11-15', 'Freezer not freezing properly', 'Freezer unit', 1500, '537'),
(581, 316, '2022-11-20', 'Water dispenser not working', 'Water dispenser mechanism', 700, '5'),
(582, 316, '2022-12-05', 'Ice maker malfunction', 'Ice maker components', 900, '15'),
(583, 317, '2020-11-10', 'Hard drive failure', 'Hard drive', 1000, '437'),
(584, 317, '2023-06-25', 'Power supply issue', 'Power supply unit', 1500, '962'),
(585, 318, '2020-09-20', 'Paper jam', 'Paper jamScanner calibration issue', 500, '521'),
(586, 318, '2023-05-12', 'Scanner calibration issue', 'Scanner calibration issue', 800, '929'),
(587, 319, '2020-10-15', 'Hard drive failure', 'Hard drive', 1000, '602'),
(588, 319, '2023-04-28', 'CPU overheating', 'CPU cooling fan', 800, '925'),
(589, 320, '2020-11-10', 'Microphone not working', 'Camera microphone components', 800, '604'),
(590, 320, '2023-06-25', 'Connectivity problem', 'Camera connectivity ports', 1500, '963'),
(591, 321, '2020-03-15', 'Engine overheating', 'Engine components', 5000, '298'),
(592, 321, '2021-08-28', 'Brake system malfunction', 'Brake system components', 3200, '531'),
(593, 321, '2021-11-05', 'Air conditioning failure', 'Air conditioning system', 2800, '69'),
(594, 322, '2020-10-15', 'Image distortion', 'Webcam lens or sensor', 800, '592'),
(595, 322, '2023-04-28', 'Connection problem', 'Webcam cable or connector', 1500, '930'),
(596, 323, '2021-03-15', 'Cable Frayed', 'Headset Cable', 100, '240'),
(597, 323, '2021-06-22', 'Microphone Issue', 'Microphone', 300, '99'),
(598, 323, '2022-02-10', 'Cushion Worn Out', 'Ear Cushions', 500, '233'),
(599, 323, '2022-06-05', 'No Sound', 'Speakers', 300, '115'),
(600, 323, '2023-01-20', 'Loose Connection', 'USB Connector', 200, '229'),
(601, 324, '2021-02-12', 'Battery Failure', 'Battery', 300, '107'),
(602, 324, '2021-07-05', 'Fan Malfunction', 'Cooling Fan', 1000, '143'),
(603, 324, '2022-08-22', 'Communication Loss', 'USB/Serial Port', 500, '413'),
(604, 325, '2021-03-15', 'Loose Armrest', 'Armrest', 120, '394'),
(605, 325, '2021-08-10', 'Stained Upholstery', 'Seat Cushion', 100, '148'),
(606, 325, '2022-02-22', 'Cracked Backrest', 'Backrest', 200, '196'),
(607, 325, '2022-06-05', 'Seat Cushion Tear', 'Seat Cushion', 100, '104'),
(608, 325, '2023-01-05', 'Broken Wheel', 'Base', 250, '214'),
(609, 326, '2021-04-10', 'Accidental Drop', 'External Casing', 1000, '218'),
(610, 326, '2022-06-20', 'Connectivity Issue', 'USB Port', 500, '436'),
(611, 326, '2023-01-12', 'File Corruption', 'Storage Disk', 3000, '206'),
(612, 327, '2021-03-10', 'Water Damage', 'Internal Components', 3000, '125'),
(613, 327, '2022-06-20', 'Connectivity Issue', 'USB Port', 1000, '467'),
(614, 327, '2023-01-12', 'Slow Read/Write', 'Storage Disk', 5600, '206'),
(615, 328, '2020-06-12', 'Electrical Failure', 'Power button', 1000, '123'),
(616, 328, '2021-11-10', 'Dust Accumulation', 'Scanning Module', 2800, '516'),
(617, 328, '2022-03-05', 'Physical Impact', 'Scanner Glass', 1200, '115'),
(618, 328, '2023-02-28', 'Electrical Failure', 'Power button', 1000, '359'),
(619, 329, '2020-07-10', 'Power surge', 'HDMI input port', 2500, '507'),
(620, 329, '2021-11-28', 'Physical impact', 'Control Knobs', 3800, '155'),
(621, 329, '2022-05-02', 'Physical impact', 'Control Knobs', 3800, '285'),
(622, 329, '2023-02-11', 'Power surge', 'Power Connector', 2200, '157'),
(623, 330, '2021-08-10', 'Paper jam', 'Paper feeding mechanism', 600, '404'),
(624, 330, '2023-05-20', 'Ink cartridge not recognized', 'Ink cartridge sensor', 800, '648'),
(625, 331, '2020-06-27', 'Scratches and dents', 'Steel frame', 800, '181'),
(626, 331, '2021-11-08', 'Structural damage', 'Legs', 2200, '499'),
(627, 331, '2023-04-19', 'Stains and discoloration', 'Table edges', 1000, '527'),
(628, 332, '2021-05-20', 'Malfunctioning buttons', 'Control buttons', 1200, '506'),
(629, 332, '2021-09-10', 'Physical impact', 'Outer casing', 1800, '113'),
(630, 332, '2022-02-05', 'Malfunctioning buttons', 'Control buttons', 1200, '148'),
(631, 332, '2023-06-30', 'Screen crack', 'LCD screen', 2000, '511'),
(632, 333, '2020-04-28', 'Jamming', 'Paper Guide Tray', 500, '45'),
(633, 333, '2021-08-10', 'Mechanical Failure', 'Comb Binding Lever', 700, '469'),
(634, 333, '2022-10-05', 'Electrical Issue', 'Power Switch', 900, '422'),
(635, 333, '2023-01-19', 'Wear and Tear', 'Comb Selector Knob', 450, '107'),
(636, 334, '2021-09-04', 'Paper Jam', 'Paper Feed Rollers', 800, '559'),
(637, 334, '2022-05-27', 'Print Quality Issues', 'Print Head', 1200, '266'),
(638, 334, '2022-09-10', 'Power Surge', 'Power Supply Unit', 1500, '106'),
(639, 334, '2023-05-11', 'Print Quality Issues', 'Print Head', 1200, '243'),
(640, 335, '2020-05-10', 'Overheating ', 'CPU cooling fan', 1950, '162'),
(641, 335, '2021-07-22', 'Liquid spill', 'Keyboard', 2800, '439'),
(642, 335, '2022-11-05', 'Overheating', 'CPU cooling fan', 1950, '471'),
(643, 336, '2020-11-05', 'Electrical Issues', 'Power Supply Unit (PSU)', 2500, '308'),
(644, 336, '2021-07-02', 'Physical Damage', 'Motherboard', 4000, '240'),
(645, 336, '2022-11-20', 'Overheating', 'CPU Fan', 3200, '506'),
(646, 337, '2021-06-15', 'Hardware Malfunction', 'Scanner Glass', 2500, '451'),
(647, 337, '2022-03-22', 'Power Surge', 'Internal Circuitry', 3800, '281'),
(648, 337, '2023-01-10', 'Hardware Malfunction', 'Scanner Glass', 2500, '294'),
(649, 338, '2020-11-28', 'Electrical Surge', 'Internal Circuit Board', 4200, '301'),
(650, 338, '2021-05-02', 'Battery Failure', 'Battery Pack', 2500, '156'),
(651, 338, '2022-09-18', 'Overheating', 'Cooling Fan', 3200, '504'),
(652, 339, '2021-03-15', 'Minor Collision', 'Front Bumper', 7500, '293'),
(653, 339, '2022-08-02', 'Engine Trouble', 'Piston Assembly', 15200, '505'),
(654, 339, '2022-11-20', 'Scratched Paint', 'Left Rear Door', 4800, '110'),
(655, 340, '2021-07-12', 'Data corruption', 'Whole Flash drive', 800, '536'),
(656, 340, '2022-06-10', 'Data corruption', 'Whole Flash drive', 800, '333'),
(657, 340, '2023-01-27', 'Data corruption', 'Whole Flash drive', 800, '231'),
(658, 341, '2021-05-27', 'Blade damage', 'Fan blades', 500, '98'),
(659, 341, '2022-08-10', 'Motor malfunction', 'Internal motor components', 800, '440'),
(660, 341, '2022-11-02', 'Power cord issue', 'Power cord', 350, '84'),
(661, 342, '2021-07-02', 'Physical Impact', 'Scanner Window', 500, '169'),
(662, 342, '2022-11-19', 'Button Malfunction', 'Trigger Button', 350, '506'),
(663, 342, '2023-09-10', 'Physical Impact', 'Scanner Window', 500, '294'),
(664, 343, '2021-05-10', 'Power Surge', 'Power Input Socket', 1200, '70'),
(665, 343, '2021-08-22', 'Overload', 'Circuit Board', 800, '104'),
(666, 343, '2022-11-14', 'Battery Failure', 'Battery Unit', 1500, '448'),
(667, 343, '2023-02-05', 'Physical Damage', 'Display Panel', 900, '83'),
(668, 344, '2021-11-10', 'Mechanical Issue', 'Door Latch', 250, '215'),
(669, 344, '2022-03-05', 'Overheating', 'Thermostat', 500, '115'),
(670, 344, '2023-04-18', 'Mechanical Issue', 'Timer Knob', 300, '409'),
(671, 345, '2021-05-19', 'Electrical malfunction', 'Power Adapter', 800, '132'),
(672, 345, '2021-10-09', 'Glass carafe damage', 'Glass carafe', 500, '143'),
(673, 345, '2022-02-18', 'Water leakage', 'Seals', 350, '132'),
(674, 346, '2021-08-21', 'Audio Distortion', 'SpeakerSpeaker', 400, '107'),
(675, 346, '2023-02-14', 'Audio Distortion', 'Speaker', 400, '542'),
(676, 347, '2021-07-15', 'Mechanical Failure', 'Rollers', 1200, '194'),
(677, 347, '2022-12-02', 'Electrical Failure', 'Power Button', 700, '504'),
(678, 347, '2023-04-06', 'Physical Damage', 'Scanner Glass', 1800, '126'),
(679, 348, '2021-05-10', 'Electrical Failure', 'Power Adapter', 800, '111'),
(680, 348, '2021-11-05', 'Software Issue', 'Scanner Driver', 500, '179'),
(681, 348, '2022-03-18', 'Physical Damage', 'Scanner Lid', 900, '133'),
(682, 349, '2021-09-18', 'Overheating Issue', 'CPU', 3800, '170'),
(683, 349, '2021-11-30', 'Damaged Keyboard', 'keybaord', 1900, '73'),
(684, 349, '2022-02-14', 'Overheating Issue', 'CPU', 3800, '76'),
(685, 350, '2021-07-02', 'Machine Jam', 'Comb binding handle', 800, '121'),
(686, 350, '2021-11-23', 'Mechanical Breakage', 'Plastic comb tray', 650, '144'),
(687, 350, '2022-06-12', 'Physical Damage', 'Punching pins', 500, '201'),
(688, 350, '2022-09-29', 'Machine Jam', 'Handle grip', 450, '109'),
(689, 351, '2021-07-05', 'Screen Crack', 'Screen', 2500, '136'),
(690, 351, '2021-11-10', 'Battery Issue', 'Battery', 3800, '128'),
(691, 351, '2022-09-18', 'Speaker Problem', 'Speaker', 1200, '313'),
(692, 351, '2023-05-30', 'Charging Port Issue', 'Charging Port', 2500, '254'),
(693, 352, '2021-06-10', 'Lens cracked', 'Lens', 1500, '145'),
(694, 352, '2022-02-18', 'USB port malfunction', 'USB Port', 800, '253'),
(695, 352, '2022-06-03', 'Power button failure', 'Power Button', 600, '105'),
(696, 353, '2022-08-20', ' Overheating', 'Motherboard', 3500, '430'),
(697, 353, '2022-11-03', ' Screen Crack', 'Screen', 2800, '75'),
(698, 353, '2023-02-10', 'Keyboard Malfunction', 'Keyboard', 1800, '100'),
(699, 354, '2021-09-10', 'Power Surge', 'Power Supply Unit', 2500, '204'),
(700, 354, '2021-12-02', 'Physical Impact', 'Hard Disk Drive', 1800, '83'),
(701, 354, '2022-02-08', 'Overheating', 'CPU Fan', 3000, '68'),
(702, 355, '2021-05-05', 'Paper Jam ', 'Rollers ', 500, '53'),
(703, 355, '2021-09-10', 'Power Failure ', 'Power Supply Unit ', 1200, '128'),
(704, 355, '2022-06-06', 'Printing Issues ', 'Print Head', 800, '269'),
(705, 355, '2023-04-03', 'Printing Issues', 'Print Head', 800, '301'),
(706, 356, '2021-04-15', 'Physical damage', 'Screen', 3500, '71'),
(707, 356, '2022-06-10', 'Liquid damage', 'Keyboard', 2200, '421'),
(708, 356, '2022-11-05', 'Electrical failure', 'Power supply', 1000, '148'),
(709, 357, '2021-03-15', 'Physical Damage', 'Screen', 5000, '63'),
(710, 357, '2021-06-22', 'Water Damage', 'Motherboard', 8500, '99'),
(711, 357, '2022-11-05', 'Overheating', 'CPU Fan', 2200, '501'),
(712, 358, '2021-05-12', 'Impact damage', 'Fan blade', 300, '118'),
(713, 358, '2021-11-02', 'Electrical surge damage', 'Motor', 500, '197'),
(714, 358, '2022-03-17', 'Impact damage', 'Fan blade', 300, '135'),
(715, 241, '2023-07-29', 'Impact', 'Handle', 3750, '0'),
(716, 359, '2023-07-29', 'Crash', 'Front Bumper', 15000, NULL),
(720, 361, '2023-07-30', 'Crash', 'Bumper', 18000, NULL);

-- --------------------------------------------------------

--
-- Table structure for table `tbl_inventory`
--

CREATE TABLE `tbl_inventory` (
  `SERIAL_NO` int(11) NOT NULL,
  `CATEGORY` varchar(100) NOT NULL,
  `ASSET_NAME` varchar(500) NOT NULL,
  `PURCHASE_DATE` date NOT NULL,
  `PURCHASE_COST` double NOT NULL,
  `UTILIZATION` varchar(50) NOT NULL,
  `INTENSITY` varchar(50) NOT NULL,
  `STATUS` varchar(50) NOT NULL
) ENGINE=InnoDB DEFAULT CHARSET=utf8mb4;

--
-- Dumping data for table `tbl_inventory`
--

INSERT INTO `tbl_inventory` (`SERIAL_NO`, `CATEGORY`, `ASSET_NAME`, `PURCHASE_DATE`, `PURCHASE_COST`, `UTILIZATION`, `INTENSITY`, `STATUS`) VALUES
(241, '22126', ' Polisher Bosch', '2011-02-10', 2000, 'daily', '4', 'functional'),
(242, '22121', ' Elgato Streamdeck', '2011-03-20', 4700, 'daily', '7', 'non functional'),
(243, '22122', ' Dynaboook Tecra A40-K3438', '2011-01-14', 9900, 'daily', '8', 'functional'),
(244, '22122', 'HP ProBook 6570b', '2011-12-12', 28000, 'daily', '1', 'functional'),
(245, '22123', 'D02 Office Table With Steel Frame And Wood Table Top', '2011-08-23', 47747.52, 'daily', '8', 'functional'),
(246, '22123', 'D02 Office Table With Steel Frame And Wood Table Top', '2012-09-30', 47747.52, 'daily', '8', 'functional'),
(247, '22124', ' North Bayou TW-85 ', '2012-04-18', 4700, 'weekly', '24', 'functional'),
(248, '22125', ' Infocus EBX-31', '2012-02-14', 9830, 'weekly', '48', 'non functional'),
(249, '22122', ' Lenovo B4400', '2012-06-22', 27900, 'daily', '8', 'functional'),
(250, '22123', 'Jecams OSTL-1508-16', '2012-10-12', 46750, 'daily', '8', 'functional'),
(251, '22126', ' Galvanized Scissor', '2013-05-19', 1440, 'weekly', '24', 'functional'),
(252, '22123', 'Beechwood Conference Table CCF-N5280', '2014-11-06', 1200, 'daily', '8', 'non functional'),
(253, '23031', 'Toshiba Canvio Basics 1TB Portable Hard Drive', '2014-04-09', 2500, 'daily', '8', 'functional'),
(254, '23032', '3D Lateral Filing Cabinet JF-LC003', '2014-06-17', 3299, 'daily', '24', 'functional'),
(255, '23032', '3D Lateral Filing Cabinet JF-LC004', '2015-12-22', 2280, 'daily', '24', 'non functional'),
(256, '23031', ' SP Armor A30', '2015-10-09', 2900, 'daily', '8', 'functional'),
(257, '22126', ' Circular Saw', '2015-04-20', 3299, 'weekly', '24', 'non functional'),
(258, '23033', ' Brother HL-L8360CDW', '2015-01-16', 7600, 'daily', '4', 'non functional'),
(259, '23034', ' Toyota Innova ', '2015-01-28', 15990, 'daily', '2', 'non functional'),
(260, '23035', 'ROMOSS Power Bank 60000mAh', '2015-08-23', 800000, 'daily', '3', 'non functional'),
(261, '23032', 'Mfc Board Wooden Filing Cabinet CMP-01269', '2016-03-06', 650, 'daily', '5', 'non functional'),
(262, '23031', ' Toshiba Canvio', '2016-07-10', 2000, 'daily', '8', 'non functional'),
(263, '23031', ' Seagate', '2016-06-11', 3450, 'daily', '8', 'non functional'),
(264, '22126', ' Welding Machine National', '2016-05-03', 4890, 'weekly', '24', 'non functional'),
(265, '22126', ' Grinder Johnson JBG200C', '2016-02-19', 5850, 'weekly', '24', 'functional'),
(266, '23032', '3D Lateral Filing Cabinet JF-LC004', '2016-08-10', 8190, 'weekly', '10', 'functional'),
(267, '23036', ' Fujidenzo RB-40 HKS', '2016-03-18', 10200, 'daily', '24', 'non functional'),
(268, '22125', ' Epson EB-130', '2016-04-20', 14500, 'weekly', '48', 'functional'),
(269, '23037', ' Apple Ipad Mini 5 2019', '2019-08-04', 21374, 'daily', '8', 'non functional'),
(270, '23037', ' Apple IPAD Mini 3', '2016-12-29', 29990, 'daily', '8', 'non functional'),
(271, '23051', ' Document Scanner KV-N1058X', '2016-02-14', 35659, 'daily', '3', 'non functional'),
(272, '22122', ' Acer Travelmate P2-TMP', '2016-05-16', 39495, 'daily', '8', 'functional'),
(273, '22122', ' HP Elitebook X360', '2016-03-25', 49692, 'daily', '8', 'functional'),
(274, '23052', ' Isuzu Crosswind ', '2016-04-12', 68640, 'daily', '2', 'non functional'),
(275, '23053', 'Akari ARF-5313F 12\"', '2016-09-18', 935000, 'daily', '8', 'functional'),
(276, '23054', ' Logitech r400', '2017-06-12', 799.8, 'weekly', '48', 'functional'),
(277, '23031', ' Transcend StoreJet', '2017-02-08', 2150, 'daily', '8', 'non functional'),
(278, '23053', ' Standard SSM16', '2017-07-10', 2598, 'daily', '8', 'non functional'),
(279, '23055', 'Sihoo M57 Ergonomic Office Chair', '2017-04-27', 2900, 'daily', '8', 'non functional'),
(280, '23032', 'Mfc Board Wooden Filing Cabinet CMP-01269', '2017-03-10', 4228, 'daily', '24', 'functional'),
(281, '23056', 'Aputure MC Pro', '2017-08-15', 5370, 'weekly', '48', 'functional'),
(282, '23057', ' Asus VZ24EHE', '2017-01-20', 5900, 'daily', '8', 'non functional'),
(283, '23032', 'Mfc Board Wooden Filing Cabinet CMP-01269', '2017-04-16', 8680, 'daily', '8', 'non functional'),
(284, '23031', ' 8TB Backup Plus Hub', '2017-10-02', 12500, 'daily', '8', 'non functional'),
(285, '23033', ' Zebra ZD220', '2017-11-10', 14900, 'daily', '4', 'non functional'),
(286, '23058', ' Huawei Vision S 55', '2017-02-16', 24989.87, 'weekly', '24', 'non functional'),
(287, '23059', ' Olympia Carrera de Lux', '2017-02-06', 32927, 'weekly', '24', 'functional'),
(288, '22122', ' Lenovo ThinkPad X121E', '2017-11-22', 37550, 'daily', '8', 'non functional'),
(289, '22122', ' Lenovo ThinkPad X230', '2017-05-13', 44800, 'daily', '8', 'functional'),
(290, '22122', ' Apple Macbook Pro 13-inch', '2017-01-14', 54000, 'daily', '8', 'non functional'),
(291, '230510', 'Office Depot Brand Black Mesh Wastebasket', '2017-07-17', 124000, 'daily', '8', 'non functional'),
(292, '230511', 'Kingston DataTraveler SE9 32GB', '2018-04-30', 23.59, 'weekly', '48', 'non functional'),
(293, '23055', 'Sihoo M57 Ergonomic Office Chair', '2018-06-09', 200, 'daily', '8', 'non functional'),
(294, '23053', ' Union UGSF-1600', '2018-08-10', 600, 'daily', '8', 'functional'),
(295, '230512', 'Motorola TLKR T92 Licence-free Two Way Radios', '2018-11-07', 650, 'weekly', '48', 'non functional'),
(296, '230513', ' Behringer Xenyx 302 USB', '2018-03-18', 4500, 'weekly', '24', 'functional'),
(297, '230514', ' Grandstream GXP1630', '2018-08-26', 5400, 'daily', '5', 'functional'),
(298, '23057', ' Samsung LF24T350FHEXXP', '2018-09-23', 6266.67, 'daily', '8', 'functional'),
(299, '230515', ' Whirlpool MWP253SX', '2018-05-10', 8999, 'daily', '1', 'non functional'),
(300, '23061', ' Logitech BCC950', '2018-07-01', 12650, 'weekly', '48', 'non functional'),
(301, '23062', ' Acer Veriton X2665G', '2018-11-12', 15120, 'daily', '8', 'non functional'),
(302, '23037', ' Apple Ipad 6th Gen', '2018-10-03', 26509.6, 'daily', '8', 'functional'),
(303, '23063', ' Intel® NUC ', '2018-01-20', 34223, 'daily', '8', 'functional'),
(304, '23062', ' Acer Veriton M4630G', '2018-02-28', 38500, 'daily', '8', 'non functional'),
(305, '22122', ' Lenovo ThinkPad X260', '2018-08-19', 45658, 'daily', '8', 'non functional'),
(306, '23061', ' Sony Alpha A6500', '2018-03-21', 54000, 'weekly', '38', 'functional'),
(307, '23053', 'Firefly 18\" Stand Fan', '2018-01-04', 126888.88, 'daily', '8', 'non functional'),
(308, '230515', 'American Home AMW-20MCS Mechanical Microwave Oven', '2019-07-17', 799.8, 'daily', '1', 'functional'),
(309, '23055', 'Sihoo M57 Ergonomic Office Chair', '2019-02-14', 2650, 'daily', '8', 'functional'),
(310, '23055', 'Sihoo M57 Ergonomic Office Chair', '2019-01-14', 3200, 'daily', '8', 'functional'),
(311, '23064', ' GODOX SL-60', '2019-07-21', 3450, 'weekly', '24', 'functional'),
(312, '23033', ' HP Hewlett Packard', '2019-11-11', 4400, 'daily', '4', 'non functional'),
(313, '22123', 'D02 Office Table With Steel Frame And Wood Table Top', '2019-10-02', 5454.61, 'daily', '8', 'functional'),
(314, '23032', 'Mfc Board Wooden Filing Cabinet CMP-01269', '2019-05-20', 8040, 'daily', '24', 'non functional'),
(315, '23061', ' Logitech Expansion Mic', '2019-01-28', 8980, 'weekly', '48', 'non functional'),
(316, '23036', ' LG GR-B222SQBB 8.0 Cu. Ft', '2019-06-22', 12960, 'daily', '24', 'functional'),
(317, '23062', ' Acer Veriton X4110G', '2019-08-30', 20750, 'daily', '8', 'non functional'),
(318, '23065', ' HP Scanjet 8270', '2019-04-17', 26509.6, 'daily', '4', 'non functional'),
(319, '23062', 'DeskFrame™ E305R Micro PC', '2019-02-21', 35158.36, 'daily', '8', 'functional'),
(320, '23061', ' Logitech Meetup', '2019-03-15', 45593.93, 'weekly', '48', 'functional'),
(321, '23052', ' Isuzu Crosswind XT ', '2019-06-21', 65280, 'daily', '2', 'non functional'),
(322, '23071', ' Rapoo Black', '2019-03-03', 925000, 'daily', '6', 'non functional'),
(323, '23072', ' Logitech H390', '2020-07-18', 750, 'daily', '5', 'non functional'),
(324, '23073', ' Phoenix UA650', '2020-10-28', 1455, 'daily', '4', 'functional'),
(325, '23055', 'Sihoo M57 Ergonomic Office Chair', '2020-02-15', 1500, 'daily', '8', 'functional'),
(326, '23031', 'Seagate Expansion External Hard Drive 1TB', '2020-09-04', 2700, 'daily', '4', 'non functional'),
(327, '23031', 'Transcend StoreJet 25M3C', '2020-11-05', 2790, 'daily', '4', 'functional'),
(328, '23065', 'Microtek`s ScanMaker 9800XL Plus', '2020-02-10', 3299, 'daily', '3', 'functional'),
(329, '23074', 'Blackmagic Bi-Directional Converters', '2020-02-04', 3500, 'daily', '8', 'non functional'),
(330, '23033', 'Brother MFC-J3540DW Inkjet Printer', '2020-07-03', 5000, 'daily', '4', 'non functional'),
(331, '22123', 'D02 Office Table With Steel Frame And Wood Table Top', '2020-12-25', 7950, 'daily', '8', 'functional'),
(332, '23075', ' Sony ICD-UX560F', '2020-01-01', 8250, 'daily', '1', 'non functional'),
(333, '23076', 'Ibico AG Kombo Manual Comb Binder', '2020-06-12', 11988, 'weekly', '9', 'non functional'),
(334, '23033', ' Brother MFC-J200', '2020-02-23', 19500, 'daily', '6', 'functional'),
(335, '22122', 'ASUS Vivobook 14X OLED (K3405)', '2020-10-19', 22075, 'daily', '8', 'non functional'),
(336, '22122', ' Acer Veriton M4630G', '2020-01-02', 31685, 'daily', '8', 'functional'),
(337, '23065', ' Epson DS-780N', '2020-03-21', 41092.2, 'daily', '3', 'non functional'),
(338, '23073', 'RM Series Rack-Mounted Modular Online UPS 5-20kVA (380V/400V/415V)', '2020-02-01', 50620, 'daily', '1', 'non functional'),
(339, '23077', ' Mitsubishi  Xpander GLX', '2020-05-26', 805000, 'daily', '5', 'functional'),
(340, '230511', ' SanDisk Ultra Fit USB 3.2 Flash Drive 16 GB', '2020-01-23', 800, 'daily', '1', 'non functional'),
(341, '23053', ' Standard Stand fan SSX 16 ', '2021-02-19', 800, 'daily', '8', 'functional'),
(342, '23078', 'LogicOwl OJ-HS26 Wired USB Barcode Scanner/ QR Codes', '2021-01-14', 1500, 'daily', '1', 'non functional'),
(343, '23073', 'KEBOS PG Lite 1000VA/600W', '2021-03-01', 2375, 'daily', '7', 'functional'),
(344, '23079', ' Hanabishi HO75SS', '2021-04-09', 2375, 'daily', '1', 'functional'),
(345, '230710', 'Crossett Coffee Maker 1.2L CFCM252BT', '2021-01-07', 2750, 'daily', '3', 'functional'),
(346, '23075', ' Sony ICD-UX513F', '2021-05-06', 2950, 'daily', '1', 'functional'),
(347, '23065', ' Canon Lide 400', '2021-01-02', 3599, 'daily', '2', 'functional'),
(348, '23065', ' Canon Lide 400', '2021-01-29', 4988, 'daily', '2', 'non functional'),
(349, '230711', 'Asus GeForce GTX 1050', '2021-04-01', 6720, 'daily', '8', 'non functional'),
(350, '23076', 'Ibico AG Kombo Manual Comb Binder', '2021-03-03', 8500, 'weekly', '9', 'non functional'),
(351, '23037', ' Samsung Galaxy Tab s8', '2021-02-19', 10400, 'daily', '5', 'non functional'),
(352, '23061', ' Logitech Connect', '2021-01-16', 15678, 'weekly', '2', 'non functional'),
(353, '22122', ' Lenovo G40-70', '2021-06-17', 30230, 'daily', '8', 'functional'),
(354, '23062', ' Acer Veriton X2665G.', '2021-02-18', 39345, 'daily', '8', 'functional'),
(355, '23033', ' Epson Dot Matrix FX-2175IIN', '2021-03-13', 42390.4, 'daily', '3', 'non functional'),
(356, '23062', ' Apple iMac 24\" with Apple M1 Chip Blue', '2021-02-03', 49800, 'daily', '8', 'functional'),
(357, '23062', ' Apple iMac 27\" with retina 5k display', '2021-01-11', 149000, 'daily', '8', 'non functional'),
(358, '230712', ' Hanabishi HCF-801', '2021-01-15', 1395930, 'daily', '8', 'functional'),
(359, '23034', 'Toyota Fortuner', '2023-07-24', 15000000, 'Daily', '5', 'Functional'),
(360, '22122', 'Lenovo Ideapad 320-15IKB', '2023-07-24', 26000, 'Daily', '8', 'Functional'),
(361, '23034', 'Mitsubishi Montero', '2023-04-04', 1400000, 'Daily', '5', 'Functional'),
(362, '22122', 'Lenovo Ideapad 320-15ikb', '2022-05-20', 18500, 'Daily', '8', 'functional');

-- --------------------------------------------------------

--
-- Table structure for table `tbl_logs`
--

CREATE TABLE `tbl_logs` (
  `ID` int(11) NOT NULL,
  `TIMESTAMP` timestamp NOT NULL DEFAULT current_timestamp(),
  `USERNAME` varchar(50) NOT NULL,
  `REMARKS` varchar(10000) NOT NULL
) ENGINE=InnoDB DEFAULT CHARSET=utf8mb4;

--
-- Dumping data for table `tbl_logs`
--

INSERT INTO `tbl_logs` (`ID`, `TIMESTAMP`, `USERNAME`, `REMARKS`) VALUES
(7, '2023-08-01 01:48:27', 'admin', 'Logged Out. [admin]'),
(8, '2023-08-01 01:48:56', 'admin', 'Logged In. [admin]'),
(12, '2023-08-01 02:09:08', 'admin', 'Created new asset category. [Vehicle - Closed Van]'),
(13, '2023-08-01 02:12:58', 'admin', 'Logged Out. [admin]'),
(14, '2023-08-01 02:15:34', 'user01', 'Logged In. [user01]'),
(15, '2023-08-01 02:16:57', 'user01', 'Logged Out. [user01]'),
(16, '2023-08-01 02:17:13', 'user01', 'Logged In. [user01]'),
(22, '2023-08-01 03:31:41', 'user01', 'Exported Activity Logs.'),
(23, '2023-08-01 03:32:11', 'user01', 'Exported Activity Logs.'),
(24, '2023-08-01 03:32:23', 'user01', 'Exported Activity Logs.'),
(25, '2023-08-01 03:34:15', 'user01', 'Exported Activity Logs.'),
(26, '2023-08-01 03:35:17', 'user01', 'Exported Activity Logs.'),
(27, '2023-08-01 03:36:00', '', 'Exported data [assets]'),
(28, '2023-08-01 03:38:59', 'user01', 'Logged Out. [user01]'),
(29, '2023-08-01 03:39:02', 'admin', 'Logged In. [admin]'),
(30, '2023-08-01 03:39:49', 'admin', 'Exported Activity Logs.'),
(31, '2023-08-01 03:40:27', '', 'Exported data [assets]'),
(32, '2023-08-01 03:41:53', 'admin', 'Exported Activity Logs.');

-- --------------------------------------------------------

--
-- Table structure for table `tbl_users`
--

CREATE TABLE `tbl_users` (
  `USERNAME` varchar(50) NOT NULL,
  `LASTNAME` varchar(100) NOT NULL,
  `FIRSTNAME` varchar(100) NOT NULL,
  `EMAIL` varchar(50) NOT NULL,
  `CONTACT_NO` varchar(12) NOT NULL,
  `HOME_ADDRESS` varchar(200) NOT NULL,
  `PASSWORD` varchar(50) NOT NULL,
  `STATUS` varchar(50) NOT NULL
) ENGINE=InnoDB DEFAULT CHARSET=utf8mb4;

--
-- Dumping data for table `tbl_users`
--

INSERT INTO `tbl_users` (`USERNAME`, `LASTNAME`, `FIRSTNAME`, `EMAIL`, `CONTACT_NO`, `HOME_ADDRESS`, `PASSWORD`, `STATUS`) VALUES
('admin', 'Snap', 'Repair', '', '09876543210', 'Manila', '21232f297a57a5a743894a0e4a801fc3', 'active'),
('user01', 'Doe', 'John', 'ibemarkcristian@gmail.com', '09999999999', 'Caloocan City', '19c5c074cf27c1b5e4863a58a7497e56', 'active');

--
-- Indexes for dumped tables
--

--
-- Indexes for table `tbl_assets`
--
ALTER TABLE `tbl_assets`
  ADD PRIMARY KEY (`ID`);

--
-- Indexes for table `tbl_components`
--
ALTER TABLE `tbl_components`
  ADD PRIMARY KEY (`ID`);

--
-- Indexes for table `tbl_damagereports`
--
ALTER TABLE `tbl_damagereports`
  ADD PRIMARY KEY (`ID`);

--
-- Indexes for table `tbl_inventory`
--
ALTER TABLE `tbl_inventory`
  ADD PRIMARY KEY (`SERIAL_NO`);

--
-- Indexes for table `tbl_logs`
--
ALTER TABLE `tbl_logs`
  ADD PRIMARY KEY (`ID`);

--
-- Indexes for table `tbl_users`
--
ALTER TABLE `tbl_users`
  ADD PRIMARY KEY (`USERNAME`);

--
-- AUTO_INCREMENT for dumped tables
--

--
-- AUTO_INCREMENT for table `tbl_components`
--
ALTER TABLE `tbl_components`
  MODIFY `ID` int(11) NOT NULL AUTO_INCREMENT, AUTO_INCREMENT=726;

--
-- AUTO_INCREMENT for table `tbl_damagereports`
--
ALTER TABLE `tbl_damagereports`
  MODIFY `ID` int(11) NOT NULL AUTO_INCREMENT, AUTO_INCREMENT=722;

--
-- AUTO_INCREMENT for table `tbl_logs`
--
ALTER TABLE `tbl_logs`
  MODIFY `ID` int(11) NOT NULL AUTO_INCREMENT, AUTO_INCREMENT=33;
COMMIT;

/*!40101 SET CHARACTER_SET_CLIENT=@OLD_CHARACTER_SET_CLIENT */;
/*!40101 SET CHARACTER_SET_RESULTS=@OLD_CHARACTER_SET_RESULTS */;
/*!40101 SET COLLATION_CONNECTION=@OLD_COLLATION_CONNECTION */;
